{
    "igorexplosivedeliveryquest":
    {
        "QuestName": "Explosive Delivery",
        "_id": "igorexplosivedeliveryquest",
        "acceptPlayerMessage": "igorexplosivedeliveryquest acceptPlayerMessage",
        "canShowNotificationsInGame": true,
        "changeQuestMessageText": "igorexplosivedeliveryquest changeQuestMessageText",
        "completePlayerMessage": "igorexplosivedeliveryquest completePlayerMessage",
        "conditions": {
      "AvailableForFinish": [
        {
          "conditionType": "HandoverItem",
          "dogtagLevel": 0,
          "dynamicLocale": false,
          "globalQuestCounterId": "",
          "id": "igorexplosivedeliveryquest handover1",
          "index": 0,
          "isEncoded": false,
          "maxDurability": 100,
          "minDurability": 0,
          "onlyFoundInRaid": true,
          "parentId": "",
          "target": [
            "5710c24ad2720bc3458b45a3"
          ],
          "value": 3,
          "visibilityConditions": []
        },
        {
          "conditionType": "HandoverItem",
          "dogtagLevel": 0,
          "dynamicLocale": false,
          "globalQuestCounterId": "",
          "id": "igorexplosivedeliveryquest handover2",
          "index": 0,
          "isEncoded": false,
          "maxDurability": 100,
          "minDurability": 0,
          "onlyFoundInRaid": true,
          "parentId": "",
          "target": [
            "5448be9a4bdc2dfd2f8b456a"
          ],
          "value": 3,
          "visibilityConditions": []
        },
        {
          "conditionType": "HandoverItem",
          "dogtagLevel": 0,
          "dynamicLocale": false,
          "globalQuestCounterId": "",
          "id": "igorexplosivedeliveryquest handover3",
          "index": 0,
          "isEncoded": false,
          "maxDurability": 100,
          "minDurability": 0,
          "onlyFoundInRaid": true,
          "parentId": "",
          "target": [
            "58d3db5386f77426186285a0"
          ],
          "value": 3,
          "visibilityConditions": []
        },
        {
          "conditionType": "HandoverItem",
          "dogtagLevel": 0,
          "dynamicLocale": false,
          "globalQuestCounterId": "",
          "id": "igorexplosivedeliveryquest handover4",
          "index": 0,
          "isEncoded": false,
          "maxDurability": 100,
          "minDurability": 0,
          "onlyFoundInRaid": true,
          "parentId": "",
          "target": [
            "618a431df1eb8e24b8741deb"
          ],
          "value": 3,
          "visibilityConditions": []
        },
        {
          "conditionType": "HandoverItem",
          "dogtagLevel": 0,
          "dynamicLocale": false,
          "globalQuestCounterId": "",
          "id": "igorexplosivedeliveryquest handover5",
          "index": 0,
          "isEncoded": false,
          "maxDurability": 100,
          "minDurability": 0,
          "onlyFoundInRaid": true,
          "parentId": "",
          "target": [
            "617fd91e5539a84ec44ce155"
          ],
          "value": 3,
          "visibilityConditions": []
        }
      ],
      "AvailableForStart": [
        {
            "availableAfter": 0,
            "conditionType": "Quest",
            "dispersion": 0,
            "dynamicLocale": false,
            "globalQuestCounterId": "",
            "id": "igorexplosivedeliveryquest idrequire",
            "index": 0,
            "parentId": "",
            "status": [
              4
            ],
            "target": "igorhammervsgrenadequest",
            "visibilityConditions": []
        }
      ],
      "Fail": []
    },
    "description": "igorexplosivedeliveryquest description",
        "failMessageText": "igorexplosivedeliveryquest failMessageText",
        "name": "igorexplosivedeliveryquest name",
        "note": "igorexplosivedeliveryquest note",
        "questStatus": {},
        "traderId": "IgorTrader",
        "location": "any",
        "image": "/files/quest/icon/Igor_Quest_4.jpg",
        "type": "Elimination",
        "isKey": false,
        "restartable": false,
        "instantComplete": false,
        "secretQuest": false,
        "startedMessageText": "igorexplosivedeliveryquest startedMessageText",
        "successMessageText": "igorexplosivedeliveryquest successMessageText",
        "templateId": "igorexplosivedeliveryquest",
        "rewards": {
        "Fail": [],
        "Started": [],
        "Success": [
          {
            "id": "5c95107186f7743285178ade",
            "index": 0,
            "type": "Experience",
            "value": 15000
          },
          {
            "findInRaid": true,
            "id": "bd6aefc20bcd1c92872cb2f6",
            "index": 2,
            "items": [
              {
                "_id": "18a9f0174e2f2a6faa3ef8aa",
                "_tpl": "5e2af55f86f7746d4159f07c",
                "upd": {
                  "StackObjectsCount": 1
                }
              }
            ],
            "target": "18a9f0174e2f2a6faa3ef8aa",
            "type": "Item",
            "unknown": false,
            "value": "1"
          },
          {
            "findInRaid": true,
            "id": "6d5a2f05301c10e7339fbfc4",
            "index": 3,
            "items": [
              {
                "_id": "0f0d2318a2bf99ac08e537c9",
                "_tpl": "5449016a4bdc2d6f028b456f",
                "upd": {
                  "StackObjectsCount": 45000
                }
              }
            ],
            "target": "0f0d2318a2bf99ac08e537c9",
            "type": "Item",
            "unknown": false,
            "value": "45000"
          },
          {
            "value": "0.25",
            "id": "60c89c0c80b2027f403dd992",
            "type": "TraderStanding",
            "index": 5,
            "target": "IgorTrader"
          }
        ]
      },
        "side": "Pmc"
    }
}