{
    "igorgrenaderampagequest":
    {
        "QuestName": "Grenade rampage",
        "_id": "igorgrenaderampagequest",
        "acceptPlayerMessage": "igorgrenaderampagequest acceptPlayerMessage",
        "canShowNotificationsInGame": true,
        "changeQuestMessageText": "igorgrenaderampagequest changeQuestMessageText",
        "completePlayerMessage": "igorgrenaderampagequest completePlayerMessage",
        "conditions": {
      "AvailableForFinish": [
        {
          "completeInSeconds": 0,
          "conditionType": "CounterCreator",
          "counter": {
            "conditions": [
              {
                "bodyPart": [],
                "compareMethod": ">=",
                "conditionType": "Kills",
                "daytime": {
                  "from": 0,
                  "to": 0
                },
                "distance": {
                  "compareMethod": ">=",
                  "value": 0
                },
                "dynamicLocale": false,
                "enemyEquipmentExclusive": [],
                "enemyEquipmentInclusive": [],
                "enemyHealthEffects": [],
                "id": "igorgrenaderampagequest killScavs",
                "resetOnSessionEnd": false,
                "savageRole": [],
                "target": "Savage",
                "value": 1,
                "weapon": [
                  "5a2a57cfc4a2826c6e06d44a",
                  "5a0c27731526d80618476ac4",
                  "58d3db5386f77426186285a0",
                  "5e340dcdcb6d5863cc5e5efb",
                  "5e32f56fcb6d5863cc5e5ee4",
                  "5448be9a4bdc2dfd2f8b456a",
                  "5710c24ad2720bc3458b45a3",
                  "618a431df1eb8e24b8741deb",
                  "617fd91e5539a84ec44ce155",
                  "639c3fbbd0446708ee622ee9",
                  "639af924d0446708ee62294e",
                  "5648b62b4bdc2d9d488b4585"
                ],
                "weaponCaliber": [],
                "weaponModsExclusive": [],
                "weaponModsInclusive": []
              }
            ],
            "id": "igorgrenaderampagequest killScavs"
          },
          "doNotResetIfCounterCompleted": false,
          "dynamicLocale": false,
          "globalQuestCounterId": "",
          "id": "igorgrenaderampagequest killScavs",
          "index": 0,
          "oneSessionOnly": false,
          "parentId": "",
          "type": "Elimination",
          "value": 5,
          "weapon": [
                  "5a2a57cfc4a2826c6e06d44a",
                  "5a0c27731526d80618476ac4",
                  "58d3db5386f77426186285a0",
                  "5e340dcdcb6d5863cc5e5efb",
                  "5e32f56fcb6d5863cc5e5ee4",
                  "5448be9a4bdc2dfd2f8b456a",
                  "5710c24ad2720bc3458b45a3",
                  "618a431df1eb8e24b8741deb",
                  "617fd91e5539a84ec44ce155",
                  "639c3fbbd0446708ee622ee9",
                  "639af924d0446708ee62294e",
                  "5648b62b4bdc2d9d488b4585"
                ],
          "visibilityConditions": []
        }
      ],
      "AvailableForStart": [
        {
            "availableAfter": 0,
            "conditionType": "Quest",
            "dispersion": 0,
            "dynamicLocale": false,
            "globalQuestCounterId": "",
            "id": "igorgrenaderampagequest killScavs",
            "index": 0,
            "parentId": "",
            "status": [
              4
            ],
            "target": "igorunwantedguestsquest",
            "visibilityConditions": []
        }
      ],
      "Fail": []
    },
    "description": "igorgrenaderampagequest description",
        "failMessageText": "igorgrenaderampagequest failMessageText",
        "name": "igorgrenaderampagequest name",
        "note": "igorgrenaderampagequest note",
        "questStatus": {},
        "traderId": "IgorTrader",
        "location": "any",
        "image": "/files/quest/icon/Igor_Quest_2.jpg",
        "type": "Elimination",
        "isKey": false,
        "restartable": false,
        "instantComplete": false,
        "secretQuest": false,
        "startedMessageText": "igorgrenaderampagequest startedMessageText",
        "successMessageText": "igorgrenaderampagequest successMessageText",
        "templateId": "igorgrenaderampagequest",
        "rewards": {
          "Started": [],
          "Success": [
            {
              "value": "10000",
              "id": "5fe305df8a67d12f5f24c8aa",
              "type": "Experience",
              "index": 0
            },
            {
              "value": "50000",
              "id": "5fe305d9c646836c3b6fc562",
              "type": "Item",
              "index": 1,
              "target": "6492e44bf4287b13040fca56",
              "findInRaid": true,
              "items": [
                {
                  "_id": "6492e44bf4287b13040fca56",
                  "_tpl": "5449016a4bdc2d6f028b456f",
                  "upd": {
                    "StackObjectsCount": 50000
                  }
                }
              ]
            },
            {
              "value": "3",
              "id": "58d3db5386f77426186285a0",
              "type": "Item",
              "index": 1,
              "target": "6492e44bf4287b13040fca56",
              "findInRaid": true,
              "items": [
                {
                  "_id": "6492e44bf4287b13040fca56",
                  "_tpl": "58d3db5386f77426186285a0",
                  "upd": {
                    "StackObjectsCount": 3
                  }
                }
              ]
            },
            {
              "value": "3",
              "id": "5710c24ad2720bc3458b45a3",
              "type": "Item",
              "index": 1,
              "target": "6492e44bf4287b13040fca56",
              "findInRaid": true,
              "items": [
                {
                  "_id": "6492e44bf4287b13040fca56",
                  "_tpl": "5710c24ad2720bc3458b45a3",
                  "upd": {
                    "StackObjectsCount": 3
                  }
                }
              ]
            },
            {
              "value": "0.25",
              "id": "60c89c0c80b2027f403dd992",
              "type": "TraderStanding",
              "index": 5,
              "target": "IgorTrader"
            }
          ],
          "Fail": []
        },
        "side": "Pmc"
    }
}