{
    "igorhammervsgrenadequest":
    {
        "QuestName": "Grenade rampage",
        "_id": "igorhammervsgrenadequest",
        "acceptPlayerMessage": "igorhammervsgrenadequest acceptPlayerMessage",
        "canShowNotificationsInGame": true,
        "changeQuestMessageText": "igorhammervsgrenadequest changeQuestMessageText",
        "completePlayerMessage": "igorhammervsgrenadequest completePlayerMessage",
        "conditions": {
      "AvailableForFinish": [
        {
          "completeInSeconds": 0,
          "conditionType": "CounterCreator",
          "counter": {
            "conditions": [
              {
                "bodyPart": [],
                "compareMethod": ">=",
                "conditionType": "Kills",
                "daytime": {
                  "from": 0,
                  "to": 0
                },
                "distance": {
                  "compareMethod": ">=",
                  "value": 0
                },
                "dynamicLocale": false,
                "enemyEquipmentExclusive": [],
                "enemyEquipmentInclusive": [],
                "enemyHealthEffects": [],
                "id": "Kill Tagilla with a Grenade",
                "resetOnSessionEnd": false,
                "savageRole": ["bossTagilla"],
                "target": "Savage",
                "value": 1,
                "weapon": [
                  "5a2a57cfc4a2826c6e06d44a",
                  "5a0c27731526d80618476ac4",
                  "58d3db5386f77426186285a0",
                  "5e340dcdcb6d5863cc5e5efb",
                  "5e32f56fcb6d5863cc5e5ee4",
                  "5448be9a4bdc2dfd2f8b456a",
                  "5710c24ad2720bc3458b45a3",
                  "618a431df1eb8e24b8741deb",
                  "617fd91e5539a84ec44ce155",
                  "639c3fbbd0446708ee622ee9",
                  "639af924d0446708ee62294e",
                  "5648b62b4bdc2d9d488b4585"
                ],
                "weaponCaliber": [],
                "weaponModsExclusive": [],
                "weaponModsInclusive": []
              }
            ],
            "id": "Kill Tagilla with a Grenade"
          },
          "doNotResetIfCounterCompleted": false,
          "dynamicLocale": false,
          "globalQuestCounterId": "",
          "id": "Kill Tagilla with a Grenade",
          "index": 0,
          "oneSessionOnly": false,
          "parentId": "",
          "type": "Elimination",
          "value": 1,
          "weapon": [
                "5a2a57cfc4a2826c6e06d44a",
                "5a0c27731526d80618476ac4",
                "58d3db5386f77426186285a0",
                "5e340dcdcb6d5863cc5e5efb",
                "5e32f56fcb6d5863cc5e5ee4",
                "5448be9a4bdc2dfd2f8b456a",
                "5710c24ad2720bc3458b45a3",
                "618a431df1eb8e24b8741deb",
                "617fd91e5539a84ec44ce155",
                "639c3fbbd0446708ee622ee9",
                "639af924d0446708ee62294e",
                "5648b62b4bdc2d9d488b4585"
                    ],
          "visibilityConditions": []
        }
      ],
      "AvailableForStart": [
        {
            "availableAfter": 0,
            "conditionType": "Quest",
            "dispersion": 0,
            "dynamicLocale": false,
            "globalQuestCounterId": "",
            "id": "Kill Tagilla with a Grenade",
            "index": 0,
            "parentId": "",
            "status": [
              4
            ],
            "target": "igorgrenaderampagequest",
            "visibilityConditions": []
        }
      ],
      "Fail": []
    },
    "description": "igorhammervsgrenadequest description",
        "failMessageText": "igorhammervsgrenadequest failMessageText",
        "name": "igorhammervsgrenadequest name",
        "note": "igorhammervsgrenadequest note",
        "questStatus": {},
        "traderId": "IgorTrader",
        "location": "any",
        "image": "/files/quest/icon/Igor_Quest_3.jpg",
        "type": "Elimination",
        "isKey": false,
        "restartable": false,
        "instantComplete": false,
        "secretQuest": false,
        "startedMessageText": "igorhammervsgrenadequest startedMessageText",
        "successMessageText": "igorhammervsgrenadequest successMessageText",
        "templateId": "igorhammervsgrenadequest",
       "rewards": {
          "Started": [],
          "Success": [
            {
              "value": "30000",
              "id": "5fe305df8a67d12f5f24c8aa",
              "type": "Experience",
              "index": 0
            },
            {
              "value": "1000000",
              "id": "5fe305d9c646836c3b6fc562",
              "type": "Item",
              "index": 1,
              "target": "6492e44bf4287b13040fca56",
              "findInRaid": true,
              "items": [
                {
                  "_id": "6492e44bf4287b13040fca56",
                  "_tpl": "5449016a4bdc2d6f028b456f",
                  "upd": {
                    "StackObjectsCount": 1000000
                  }
                }
              ]
            },
            {
              "value": "10",
              "id": "58d3db5386f77426186285a0",
              "type": "Item",
              "index": 1,
              "target": "6492e44bf4287b13040fca56",
              "findInRaid": true,
              "items": [
                {
                  "_id": "6492e44bf4287b13040fca56",
                  "_tpl": "58d3db5386f77426186285a0",
                  "upd": {
                    "StackObjectsCount": 10
                  }
                }
              ]
            },
            {
              "value": "5",
              "id": "618a431df1eb8e24b8741deb",
              "type": "Item",
              "index": 1,
              "target": "6492e44bf4287b13040fca56",
              "findInRaid": true,
              "items": [
                {
                  "_id": "6492e44bf4287b13040fca56",
                  "_tpl": "618a431df1eb8e24b8741deb",
                  "upd": {
                    "StackObjectsCount": 5
                  }
                }
              ]
            },
            {
              "value": "5",
              "id": "617fd91e5539a84ec44ce155",
              "type": "Item",
              "index": 1,
              "target": "6492e44bf4287b13040fca56",
              "findInRaid": true,
              "items": [
                {
                  "_id": "6492e44bf4287b13040fca56",
                  "_tpl": "617fd91e5539a84ec44ce155",
                  "upd": {
                    "StackObjectsCount": 5
                  }
                }
              ]
            },
            {
              "value": "1",
              "id": "5c94bbff86f7747ee735c08f",
              "type": "Item",
              "index": 1,
              "target": "6492e44bf4287b13040fca56",
              "findInRaid": true,
              "items": [
                {
                  "_id": "6492e44bf4287b13040fca56",
                  "_tpl": "5c94bbff86f7747ee735c08f",
                  "upd": {
                    "StackObjectsCount": 1
                  }
                }
              ]
            },
            {
              "value": "0.25",
              "id": "60c89c0c80b2027f403dd992",
              "type": "TraderStanding",
              "index": 5,
              "target": "IgorTrader"
            }
          ],
          "Fail": []
        },
        "side": "Pmc"
    }
}