{
    "igornobodyescapesquest":
    {
        "QuestName": "Nobody escapes Igor",
        "_id": "igornobodyescapesquest",
        "acceptPlayerMessage": "igornobodyescapesquest acceptPlayerMessage",
        "canShowNotificationsInGame": true,
        "changeQuestMessageText": "igornobodyescapesquest changeQuestMessageText",
        "completePlayerMessage": "igornobodyescapesquest completePlayerMessage",
        "conditions": {
      "AvailableForFinish": [
        {
          "conditionType": "HandoverItem",
          "dogtagLevel": 0,
          "dynamicLocale": false,
          "globalQuestCounterId": "",
          "id": "igornobodyescapesquest handoverFuzes",
          "index": 0,
          "isEncoded": false,
          "maxDurability": 100,
          "minDurability": 0,
          "onlyFoundInRaid": true,
          "parentId": "",
          "target": [
            "5e2af51086f7746d3f3c3402"
          ],
          "value": 10,
          "visibilityConditions": []
        },
        {
          "completeInSeconds": 0,
          "conditionType": "CounterCreator",
          "counter": {
            "conditions": [
              {
                "bodyPart": [],
                "compareMethod": ">=",
                "conditionType": "Kills",
                "daytime": {
                  "from": 0,
                  "to": 0
                },
                "distance": {
                  "compareMethod": ">=",
                  "value": 0
                },
                "dynamicLocale": false,
                "enemyEquipmentExclusive": [],
                "enemyEquipmentInclusive": [],
                "enemyHealthEffects": [],
                "id": "igornobodyescapesquest killScavs",
                "resetOnSessionEnd": false,
                "savageRole": [],
                "target": "Savage",
                "value": 1,
                "weapon": [],
                "weaponCaliber": [],
                "weaponModsExclusive": [],
                "weaponModsInclusive": []
              }
            ],
            "id": "igornobodyescapesquest killScavs"
          },
          "doNotResetIfCounterCompleted": false,
          "dynamicLocale": false,
          "globalQuestCounterId": "",
          "id": "igornobodyescapesquest killScavs",
          "index": 0,
          "oneSessionOnly": false,
          "parentId": "",
          "type": "Elimination",
          "value": 25,
          "visibilityConditions": []
        }
      ],
      "AvailableForStart": [
        {
          "compareMethod": ">=",
          "conditionType": "Level",
          "dynamicLocale": false,
          "globalQuestCounterId": "",
          "id": "5981a09b86f77455537a65ac",
          "index": 0,
          "parentId": "",
          "value": 1,
          "visibilityConditions": []
        }
      ],
      "Fail": []
    },
    "description": "igornobodyescapesquest description",
        "failMessageText": "igornobodyescapesquest failMessageText",
        "name": "igornobodyescapesquest name",
        "note": "igornobodyescapesquest note",
        "questStatus": {},
        "traderId": "IgorTrader",
        "location": "any",
        "image": "/files/quest/icon/Igor_Welcome.jpg",
        "type": "Elimination",
        "isKey": false,
        "restartable": false,
        "instantComplete": false,
        "secretQuest": false,
        "startedMessageText": "igornobodyescapesquest startedMessageText",
        "successMessageText": "igornobodyescapesquest successMessageText",
        "templateId": "igornobodyescapesquest",
        "rewards": {
          "Started": [],
          "Success": [
            {
              "value": "6000",
              "id": "5fe305df8a67d12f5f24c8aa",
              "type": "Experience",
              "index": 0
            },
            {
              "value": "75000",
              "id": "5fe305d9c646836c3b6fc562",
              "type": "Item",
              "index": 1,
              "target": "6492e44bf4287b13040fca56",
              "findInRaid": true,
              "items": [
                {
                  "_id": "6492e44bf4287b13040fca56",
                  "_tpl": "5449016a4bdc2d6f028b456f",
                  "upd": {
                    "StackObjectsCount": 75000
                  }
                }
              ]
            },
            {
              "value": "5",
              "id": "58d3db5386f77426186285a0",
              "type": "Item",
              "index": 1,
              "target": "6492e44bf4287b13040fca56",
              "findInRaid": true,
              "items": [
                {
                  "_id": "6492e44bf4287b13040fca56",
                  "_tpl": "58d3db5386f77426186285a0",
                  "upd": {
                    "StackObjectsCount": 5
                  }
                }
              ]
            },
            {
              "value": "0.25",
              "id": "60c89c0c80b2027f403dd992",
              "type": "TraderStanding",
              "index": 5,
              "target": "IgorTrader"
            },
            {
              "id": "629f028bd285f377953b2412",
              "index": 6,
              "target": "5c0647fdd443bc2504c2d371",
              "type": "TraderStanding",
              "value": "0.01"
            }
          ],
          "Fail": []
        },
        "side": "Pmc"
    }
}