{
    "igorunwantedguestsquest":
    {
        "QuestName": "Unwanted guests",
        "_id": "igorunwantedguestsquest",
        "acceptPlayerMessage": "igorunwantedguestsquest acceptPlayerMessage",
        "canShowNotificationsInGame": true,
        "changeQuestMessageText": "igorunwantedguestsquest changeQuestMessageText",
        "completePlayerMessage": "igorunwantedguestsquest completePlayerMessage",
        "conditions": {
      "AvailableForFinish": [
        {
          "conditionType": "HandoverItem",
          "dogtagLevel": 0,
          "dynamicLocale": false,
          "globalQuestCounterId": "",
          "id": "igorunwantedguestsquest handoverDogtags",
          "index": 0,
          "isEncoded": false,
          "maxDurability": 100,
          "minDurability": 0,
          "onlyFoundInRaid": true,
          "parentId": "",
          "target": [
            "59f32c3b86f77472a31742f0"
          ],
          "value": 10,
          "visibilityConditions": []
        },
        {
          "completeInSeconds": 0,
          "conditionType": "CounterCreator",
          "counter": {
            "conditions": [
              {
                "bodyPart": [],
                "compareMethod": ">=",
                "conditionType": "Kills",
                "daytime": {
                  "from": 0,
                  "to": 0
                },
                "distance": {
                  "compareMethod": ">=",
                  "value": 0
                },
                "dynamicLocale": false,
                "enemyEquipmentExclusive": [],
                "enemyEquipmentInclusive": [],
                "enemyHealthEffects": [],
                "id": "igorunwantedguestsquest killRogues",
                "resetOnSessionEnd": false,
                "savageRole": ["exUsec"],
                "target": "Savage",
                "value": 1,
                "weapon": [],
                "weaponCaliber": [],
                "weaponModsExclusive": [],
                "weaponModsInclusive": []
              }
            ],
            "id": "igorunwantedguestsquest killRogues"
          },
          "doNotResetIfCounterCompleted": false,
          "dynamicLocale": false,
          "globalQuestCounterId": "",
          "id": "igorunwantedguestsquest killRogues",
          "index": 0,
          "oneSessionOnly": false,
          "parentId": "",
          "type": "Elimination",
          "value": 3,
          "visibilityConditions": []
        }
      ],
      "AvailableForStart": [
        {
            "availableAfter": 0,
            "conditionType": "Quest",
            "dispersion": 0,
            "dynamicLocale": false,
            "globalQuestCounterId": "",
            "id": "igorunwantedguestsquest killRogues",
            "index": 0,
            "parentId": "",
            "status": [
              4
            ],
            "target": "igornobodyescapesquest",
            "visibilityConditions": []
        }
      ],
      "Fail": []
    },
    "description": "igorunwantedguestsquest description",
        "failMessageText": "igorunwantedguestsquest failMessageText",
        "name": "igorunwantedguestsquest name",
        "note": "igorunwantedguestsquest note",
        "questStatus": {},
        "traderId": "IgorTrader",
        "location": "any",
        "image": "/files/quest/icon/Igor_Quest_1.jpg",
        "type": "Elimination",
        "isKey": false,
        "restartable": false,
        "instantComplete": false,
        "secretQuest": false,
        "startedMessageText": "igorunwantedguestsquest startedMessageText",
        "successMessageText": "igorunwantedguestsquest successMessageText",
        "templateId": "igorunwantedguestsquest",
        "rewards": {
          "Started": [],
          "Success": [
            {
              "value": "11000",
              "id": "5fe305df8a67d12f5f24c8aa",
              "type": "Experience",
              "index": 0
            },
            {
              "value": "2",
              "id": "58d3db5386f77426186285a0",
              "type": "Item",
              "index": 1,
              "target": "6492e44bf4287b13040fca56",
              "findInRaid": true,
              "items": [
                {
                  "_id": "6492e44bf4287b13040fca56",
                  "_tpl": "58d3db5386f77426186285a0",
                  "upd": {
                    "StackObjectsCount": 2
                  }
                }
              ]
            },
            {
              "value": "5",
              "id": "5710c24ad2720bc3458b45a3",
              "type": "Item",
              "index": 1,
              "target": "6492e44bf4287b13040fca56",
              "findInRaid": true,
              "items": [
                {
                  "_id": "6492e44bf4287b13040fca56",
                  "_tpl": "5710c24ad2720bc3458b45a3",
                  "upd": {
                    "StackObjectsCount": 5
                  }
                }
              ]
            },
            {
              "value": "1",
              "id": "5d6fc87386f77449db3db94e",
              "type": "Item",
              "index": 1,
              "target": "6492e44bf4287b13040fca56",
              "findInRaid": true,
              "items": [
                {
                  "_id": "6492e44bf4287b13040fca56",
                  "_tpl": "5d6fc87386f77449db3db94e",
                  "upd": {
                    "StackObjectsCount": 1
                  }
                }
              ]
            },
            {
              "value": "1",
              "id": "5d6fc78386f77449d825f9dc",
              "type": "Item",
              "index": 1,
              "target": "6492e44bf4287b13040fca56",
              "findInRaid": true,
              "items": [
                {
                  "_id": "6492e44bf4287b13040fca56",
                  "_tpl": "5d6fc78386f77449d825f9dc",
                  "upd": {
                    "StackObjectsCount": 1
                  }
                }
              ]
            },
            {
              "value": "1",
              "id": "590c5a7286f7747884343aea",
              "type": "Item",
              "index": 1,
              "target": "6492e44bf4287b13040fca56",
              "findInRaid": true,
              "items": [
                {
                  "_id": "6492e44bf4287b13040fca56",
                  "_tpl": "590c5a7286f7747884343aea",
                  "upd": {
                    "StackObjectsCount": 1
                  }
                }
              ]
            },
            {
              "value": "120000",
              "id": "5449016a4bdc2d6f028b456f",
              "type": "Item",
              "index": 1,
              "target": "6492e44bf4287b13040fca56",
              "findInRaid": true,
              "items": [
                {
                  "_id": "6492e44bf4287b13040fca56",
                  "_tpl": "5449016a4bdc2d6f028b456f",
                  "upd": {
                    "StackObjectsCount": 120000
                  }
                }
              ]
            },
            {
              "value": "0.25",
              "id": "60c89c0c80b2027f403dd992",
              "type": "TraderStanding",
              "index": 4,
              "target": "IgorTrader"
            }
          ],
          "Fail": []
        },
        "side": "Pmc"
      }
}