{
    "_id": "IgorTrader",
    "working": true,
    "availableInRaid": false,
    "items_buy": {
        "category": [
            "543be6564bdc2df4348b4568",
            "5b5f79d186f774093f2ed3c2"
        ],
        "id_list": 
        [
            "60391b0fb847c71012789415",
            "5e2af51086f7746d3f3c3402",
            "60391a8b3364dc22b04d0ce5",
            "6275303a9f372d6ea97f9ec7",
            "6284bd5f95250a29bc628a30",
            "62e7e7bbe6da9612f743f1e0",
            "6357c98711fb55120211f7e1",
            "5656eb674bdc2d35148b457c",
            "5ede4739e0350d05467f73e8",
            "5ede47405b097655935d7d16",
            "5ede474b0c226a66f5402622",
            "5ede475339ee016e8c534742",
            "5ede475b549eed7c6d5c18fb",
            "5f0c892565703e5c461894e9",
            "5d6fc87386f77449db3db94e",
            "5d6fc78386f77449d825f9dc",
            "590c5a7286f7747884343aea"
        ]
    },
    "items_buy_prohibited": {},
    "customization_seller": false,
    "name": "Igor",
    "surname": " ",
    "nickname": "Igor",
    "location": "Unknown",
    "avatar": "/files/trader/avatar/igortrader.jpg",
    "balance_rub": 5000000,
    "balance_dol": 0,
    "balance_eur": 0,
    "unlockedByDefault": true,
    "discount": 0,
    "discount_end": 0,
    "buyer_up": true,
    "currency": "RUB",
    "nextResupply": 1615141448,
    "repair": {
        "availability": false,
        "quality": "2",
        "excluded_id_list": [],
        "excluded_category": [],
        "currency": "5449016a4bdc2d6f028b456f",
        "currency_coefficient": 1,
        "price_rate": 10
    },
    "insurance": {
        "availability": false,
        "min_payment": 0,
        "min_return_hour": 0,
        "max_return_hour": 0,
        "max_storage_time": 99,
        "excluded_category": []
    },
    "gridHeight": 150,
    "loyaltyLevels": 
    [
        {
            "minLevel": 1,
            "minSalesSum": 0,
            "minStanding": 0,
            "buy_price_coef": 50,
            "repair_price_coef": 175,
            "insurance_price_coef": 10,
            "exchange_price_coef": 0,
            "heal_price_coef": 0
        },
        {
            "minLevel": 5,
            "minSalesSum": 500000,
            "minStanding": 0.75,
            "buy_price_coef": 30,
            "repair_price_coef": 175,
            "insurance_price_coef": 10,
            "exchange_price_coef": 0,
            "heal_price_coef": 0
        },
        {
            "minLevel": 10,
            "minSalesSum": 1000000,
            "minStanding": 1.50,
            "buy_price_coef": 10,
            "repair_price_coef": 175,
            "insurance_price_coef": 10,
            "exchange_price_coef": 0,
            "heal_price_coef": 0
        }
    ],
    "sell_category": [
        "543be6564bdc2df4348b4568",
        "5b5f79d186f774093f2ed3c2"
    ]
}
